/*==============================================================*/
/* DBMS NAME:      MYSQL 5.0                                    */
/* CREATED ON:     27/02/2017 01:46:27 P.M.                     */
/*==============================================================*/

USE RED;

DROP TABLE IF EXISTS AMIGOS;

DROP TABLE IF EXISTS AUTENTICACION;

DROP TABLE IF EXISTS INTERES_CATEGORIA;

DROP TABLE IF EXISTS CATEGORIA;

DROP TABLE IF EXISTS PERFIL_FUNCIONALIDAD;

DROP TABLE IF EXISTS FUNCIONALIDAD;

DROP TABLE IF EXISTS USUARIO_INTERES;

DROP TABLE IF EXISTS INTERES;

DROP TABLE IF EXISTS USUARIO_PERFIL;

DROP TABLE IF EXISTS PERFIL;

DROP TABLE IF EXISTS VISIBILIDAD_INFORMACION;

DROP TABLE IF EXISTS USUARIO;



/*==============================================================*/
/* TABLE: AMIGOS                                                */
/*==============================================================*/
CREATE TABLE AMIGOS
(
   USU_ID_USUARIO       INT NOT NULL,
   ID_USUARIO           INT NOT NULL,
   ESTATUS_RELACION     INT NOT NULL,
   PRIMARY KEY (USU_ID_USUARIO, ID_USUARIO)
);

/*==============================================================*/
/* TABLE: AUTENTICACION                                         */
/*==============================================================*/
CREATE TABLE AUTENTICACION
(
   ID_USUARIO           INT NOT NULL,
   PASS                 VARCHAR(1024) NOT NULL,
   CORREO               VARCHAR(1024) NOT NULL,
   PRIMARY KEY (ID_USUARIO)
);

/*==============================================================*/
/* TABLE: CATEGORIA                                             */
/*==============================================================*/
CREATE TABLE CATEGORIA
(
   ID_CATEGORIA         INT NOT NULL,
   DESCRIPCION_CATEGORIA VARCHAR(1024) NOT NULL,
   FECHA_REG_CATEGORIA  DATETIME NOT NULL,
   PRIMARY KEY (ID_CATEGORIA)
);

/*==============================================================*/
/* TABLE: FUNCIONALIDAD                                         */
/*==============================================================*/
CREATE TABLE FUNCIONALIDAD
(
   ID_FUNCIONALIDAD     INT NOT NULL,
   DESCRIPCION_FUNCIONALIDAD VARCHAR(1024) NOT NULL,
   FECHA_REG_FUNCIONALIDAD DATETIME NOT NULL,
   PRIMARY KEY (ID_FUNCIONALIDAD)
);

/*==============================================================*/
/* TABLE: INTERES                                               */
/*==============================================================*/
CREATE TABLE INTERES
(
   ID_INTERES           INT NOT NULL,
   DESCRIPCION_INTERES  VARCHAR(1024) NOT NULL,
   FECHA_REG_INTERES    DATETIME NOT NULL,
   PRIMARY KEY (ID_INTERES)
);

/*==============================================================*/
/* TABLE: INTERES_CATEGORIA                                     */
/*==============================================================*/
CREATE TABLE INTERES_CATEGORIA
(
   ID_INTERES           INT NOT NULL,
   ID_CATEGORIA         INT NOT NULL,
   PRIMARY KEY (ID_INTERES, ID_CATEGORIA)
);

/*==============================================================*/
/* TABLE: PERFIL                                                */
/*==============================================================*/
CREATE TABLE PERFIL
(
   ID_PERFIL            INT NOT NULL,
   DESCRIPCION_PERFIL   VARCHAR(1024) NOT NULL,
   FECHA_REGISTRO_PERFIL DATETIME NOT NULL,
   PRIMARY KEY (ID_PERFIL)
);

/*==============================================================*/
/* TABLE: PERFIL_FUNCIONALIDAD                                  */
/*==============================================================*/
CREATE TABLE PERFIL_FUNCIONALIDAD
(
   ID_FUNCIONALIDAD     INT NOT NULL,
   ID_PERFIL            INT NOT NULL,
   PRIMARY KEY (ID_FUNCIONALIDAD, ID_PERFIL)
);

/*==============================================================*/
/* TABLE: USUARIO                                               */
/*==============================================================*/
CREATE TABLE USUARIO
(
   ID_USUARIO           INT NOT NULL,
   NOMBRE_USUARIO       VARCHAR(1024) NOT NULL,
   APELLIDO_USUARIO     VARCHAR(1024) NOT NULL,
   ALIAS_USUARIO        VARCHAR(1024) NOT NULL,
   SEXO_USUARIO         VARCHAR(1024) NOT NULL,
   TELEFONO_USUARIO     VARCHAR(1024) NOT NULL,
   ACTIVO				BOOLEAN NOT NULL,
   FECHA_REGISTRO_USUARIO DATETIME NOT NULL,
   FECHA_NACIMIENTO_USUARIO DATETIME NOT NULL,
   PRIMARY KEY (ID_USUARIO)
);

/*==============================================================*/
/* TABLE: USUARIO_INTERES                                       */
/*==============================================================*/
CREATE TABLE USUARIO_INTERES
(
   ID_INTERES           INT NOT NULL,
   ID_USUARIO           INT NOT NULL,
   PRIMARY KEY (ID_INTERES, ID_USUARIO)
);

/*==============================================================*/
/* TABLE: USUARIO_PERFIL                                        */
/*==============================================================*/
CREATE TABLE USUARIO_PERFIL
(
   ID_PERFIL            INT NOT NULL,
   ID_USUARIO           INT NOT NULL,
   PRIMARY KEY (ID_PERFIL, ID_USUARIO)
);

/*==============================================================*/
/* TABLE: VISIBILIDAD_INFORMACION                               */
/*==============================================================*/
CREATE TABLE VISIBILIDAD_INFORMACION
(
   ID_USUARIO           INT NOT NULL,
   VIS_ALIAS            INT,
   VIS_CORREO           INT,
   VIS_SEXO             INT,
   VIS_TELEFONO         INT,
   VIS_FECHA_NAC        INT,
   PRIMARY KEY (ID_USUARIO)
);

ALTER TABLE AMIGOS ADD CONSTRAINT FK_RELATIONSHIP_13 FOREIGN KEY (ID_USUARIO)
      REFERENCES USUARIO (ID_USUARIO) ON DELETE RESTRICT ON UPDATE RESTRICT;

ALTER TABLE AMIGOS ADD CONSTRAINT FK_RELATIONSHIP_14 FOREIGN KEY (USU_ID_USUARIO)
      REFERENCES USUARIO (ID_USUARIO) ON DELETE RESTRICT ON UPDATE RESTRICT;

ALTER TABLE AUTENTICACION ADD CONSTRAINT FK_RELATIONSHIP_1 FOREIGN KEY (ID_USUARIO)
      REFERENCES USUARIO (ID_USUARIO) ON DELETE RESTRICT ON UPDATE RESTRICT;

ALTER TABLE INTERES_CATEGORIA ADD CONSTRAINT FK_RELATIONSHIP_11 FOREIGN KEY (ID_CATEGORIA)
      REFERENCES CATEGORIA (ID_CATEGORIA) ON DELETE RESTRICT ON UPDATE RESTRICT;

ALTER TABLE INTERES_CATEGORIA ADD CONSTRAINT FK_RELATIONSHIP_12 FOREIGN KEY (ID_INTERES)
      REFERENCES INTERES (ID_INTERES) ON DELETE RESTRICT ON UPDATE RESTRICT;

ALTER TABLE PERFIL_FUNCIONALIDAD ADD CONSTRAINT FK_RELATIONSHIP_7 FOREIGN KEY (ID_PERFIL)
      REFERENCES PERFIL (ID_PERFIL) ON DELETE RESTRICT ON UPDATE RESTRICT;

ALTER TABLE PERFIL_FUNCIONALIDAD ADD CONSTRAINT FK_RELATIONSHIP_8 FOREIGN KEY (ID_FUNCIONALIDAD)
      REFERENCES FUNCIONALIDAD (ID_FUNCIONALIDAD) ON DELETE RESTRICT ON UPDATE RESTRICT;

ALTER TABLE USUARIO_INTERES ADD CONSTRAINT FK_RELATIONSHIP_16 FOREIGN KEY (ID_USUARIO)
      REFERENCES USUARIO (ID_USUARIO) ON DELETE RESTRICT ON UPDATE RESTRICT;

ALTER TABLE USUARIO_INTERES ADD CONSTRAINT FK_RELATIONSHIP_17 FOREIGN KEY (ID_INTERES)
      REFERENCES INTERES (ID_INTERES) ON DELETE RESTRICT ON UPDATE RESTRICT;

ALTER TABLE USUARIO_PERFIL ADD CONSTRAINT FK_RELATIONSHIP_5 FOREIGN KEY (ID_USUARIO)
      REFERENCES USUARIO (ID_USUARIO) ON DELETE RESTRICT ON UPDATE RESTRICT;

ALTER TABLE USUARIO_PERFIL ADD CONSTRAINT FK_RELATIONSHIP_6 FOREIGN KEY (ID_PERFIL)
      REFERENCES PERFIL (ID_PERFIL) ON DELETE RESTRICT ON UPDATE RESTRICT;

ALTER TABLE VISIBILIDAD_INFORMACION ADD CONSTRAINT FK_RELATIONSHIP_3 FOREIGN KEY (ID_USUARIO)
      REFERENCES USUARIO (ID_USUARIO) ON DELETE RESTRICT ON UPDATE RESTRICT;
	  

INSERT INTO `RED`.`PERFIL`
(`ID_PERFIL`,
`DESCRIPCION_PERFIL`,
`FECHA_REGISTRO_PERFIL`)
VALUES
(1,'ADMINISTRADOR',NOW()),(2,'USUARIO',NOW()),(3,'USUARIO VIP',NOW()) ;


INSERT INTO `RED`.`FUNCIONALIDAD`
(`ID_FUNCIONALIDAD`,
`DESCRIPCION_FUNCIONALIDAD`,
`FECHA_REG_FUNCIONALIDAD`)
VALUES
(1,'MODIFICAR PERFIL PROPIO',NOW()),(2,'MODIFICAR PERFIL EXTERNO',NOW()),(3,'ELIMINAR PERFIL',NOW()),
(4,'BUSCAR USUARIO',NOW()),(5,'VER SUGERENCIAS AMIGOS',NOW()),(6,'VER SUGERENCIAS AMIGOS VIP',NOW()), (7,'ENVIAR SOLICITUD AMISTAD',NOW()),
(8,'CANCELAR SOLICITUD AMISTAD',NOW()),(9,'ELIMINAR AMIGO',NOW()),(10,'BLOQUEAR AMIGO',NOW()),(11,'BLOQUEAR USUARIO',NOW()),
(12,'ELIMINAR USUARIO',NOW());


INSERT INTO `RED`.`PERFIL_FUNCIONALIDAD`
(`ID_FUNCIONALIDAD`,
`ID_PERFIL`)
VALUES
(1,1),(2,1),(3,1),(4,1),(5,1),(6,1),(7,1),(8,1),(9,1),(10,1),(11,1),(12,1),(1,2),(3,2),(5,2),(7,2),(9,2),(10,2),(1,3),(3,3),(5,3),
(6,3),(7,3),(8,3),(9,3),(10,3);


INSERT INTO `RED`.`INTERES`
(`ID_INTERES`,
`DESCRIPCION_INTERES`,
`FECHA_REG_INTERES`)
VALUES
(1,'DESARROLLO DE SOFTWARE',NOW()),(2,'IDIOMAS',NOW()),(3,'FUTBOL',NOW()),(4,'NATACION',NOW()),(5,'TENIS',NOW()),(6,'AUTOMOVILISMO',NOW()),
(7,'CICLISMO',NOW()),(8,'TROPICAL',NOW()),(9,'HARD ROCK',NOW()),(10,'JAZZ',NOW()),(11,'CLASICA',NOW());

INSERT INTO `RED`.`CATEGORIA`
(`ID_CATEGORIA`,
`DESCRIPCION_CATEGORIA`,
`FECHA_REG_CATEGORIA`)
VALUES
(1,'TRABAJO',NOW()),
(2,'NEGOCIOS',NOW()),
(3,'DEPORTES',NOW()),
(4,'MUSICA',NOW());

INSERT INTO `RED`.`INTERES_CATEGORIA`
(`ID_INTERES`,
`ID_CATEGORIA`)
VALUES
(1,1),(2,2),(3,3),(4,3),(5,3),(6,3),(7,3),(8,4),(9,4),(10,4),(11,4);


INSERT INTO `RED`.`USUARIO`
(`ID_USUARIO`,
`NOMBRE_USUARIO`,
`APELLIDO_USUARIO`,
`ALIAS_USUARIO`,
`SEXO_USUARIO`,
`TELEFONO_USUARIO`,
`ACTIVO`,
`FECHA_REGISTRO_USUARIO`,
`FECHA_NACIMIENTO_USUARIO`
)
VALUES
(1,'ADMINISTRADOR','ADMIN','ADMIN','M','2112233',1,NOW(),NOW());


INSERT INTO `RED`.`AUTENTICACION`
(`ID_USUARIO`,
`PASS`,
`CORREO`)
VALUES
(1,'123456','ADMIN@ADMIN.COM');

INSERT INTO `RED`.`VISIBILIDAD_INFORMACION`
(`ID_USUARIO`,
`VIS_ALIAS`,
`VIS_CORREO`,
`VIS_SEXO`,
`VIS_TELEFONO`,
`VIS_FECHA_NAC`)
VALUES
(1,1,1,1,1,1);





